user1,user1,email@email.com,password1
user2,user2,email@email.com,password1
user3,user3,email@email.com,password1
user4,user4,email@email.com,password1
user5,user5,email@email.com,password1
user6,user6,email@email.com,password1
user7,user7,email@email.com,password1
user8,user8,email@email.com,password1
user9,user9,email@email.com,password1
user10,user10,email@email.com,password1
user11,user11,email@email.com,password1
user12,user12,email@email.com,password1
user13,user13,email@email.com,password1
user14,user14,email@email.com,password1
user15,user15,email@email.com,password1
user16,user16,email@email.com,password1
user17,user17,email@email.com,password1
user18,user18,email@email.com,password1
user19,user19,email@email.com,password1
user20,user20,email@email.com,password1
user21,user21,email@email.com,password1
user22,user22,email@email.com,password1
user23,user23,email@email.com,password1
user24,user24,email@email.com,password1
user25,user25,email@email.com,password1
user26,user26,email@email.com,password1
user27,user27,email@email.com,password1
user28,user28,email@email.com,password1
user29,user29,email@email.com,password1
user30,user30,email@email.com,password1
user31,user31,email@email.com,password1
user32,user32,email@email.com,password1
user33,user33,email@email.com,password1
user34,user34,email@email.com,password1
user35,user35,email@email.com,password1